<?xml version="1.0" encoding="UTF-8" ?><_ROOT_  Location="CATALOG" Catalog="SASHELP.EMASSMT.DECISIONS.SOURCE" ApplyDecisions="N"
 ResetDecInfo="N" ToolType="MODEL" Decision="CUSTOM" Matrix="NONE" Prior="NONE" ForceRun="N"
 RunAction="Train" Component="Decisions" RawCreateTime="2016900700.4" CreateTime="29NOV2023:18:11:40"
>
<VARIABLEPROPERTIES/>
<FILEPROPERTIES ><![CDATA[
USERTRAINCODE
USERSCORECODE
USERREPORTCODE
EMNOTES
]]>
</FILEPROPERTIES><EMTARGETATTRIBUTES >
<CLASS >
<DECDATA  Table="EMWS1.Dec_class_DD">
<DATA >
<OBS  CLASS="1" COUNT="212" DATAPRIOR="0.0213258224" TRAINPRIOR="0.0213258224" DECPRIOR="0"
 DECISION1="46.948356808" DECISION2="0"/>
<OBS  CLASS="0" COUNT="9729" DATAPRIOR="0.9786741776" TRAINPRIOR="0.9786741776" DECPRIOR="0"
 DECISION1="0" DECISION2="1.0217635639"/>
</DATA>
<METADATA >
<VARIABLE  NAME="class" LABEL="" LENGTH="32" FORMAT="" TYPE="C"/>
<VARIABLE  NAME="COUNT" LABEL="Level Counts" LENGTH="8" FORMAT="10." TYPE="N"/>
<VARIABLE  NAME="DATAPRIOR" LABEL="Data Proportions" LENGTH="8" FORMAT="" TYPE="N"/>
<VARIABLE  NAME="TRAINPRIOR" LABEL="Training Proportions" LENGTH="8" FORMAT="" TYPE="N"/>
<VARIABLE  NAME="DECPRIOR" LABEL="Decision Priors" LENGTH="8" FORMAT="" TYPE="N"/>
<VARIABLE  NAME="DECISION1" LABEL="1" LENGTH="8" FORMAT="" TYPE="N"/>
<VARIABLE  NAME="DECISION2" LABEL="0" LENGTH="8" FORMAT="" TYPE="N"/>
</METADATA>
</DECDATA>
<DECMETA  Table="EMWS1.Dec_class_DM">
<DATA >
<OBS  _TYPE_="MATRIX" VARIABLE="" LABEL="" LEVEL="PROFIT" EVENT="" ORDER="" FORMAT="" TYPE=""
 COST="" USE="Y"/>
<OBS  _TYPE_="TARGET" VARIABLE="class" LABEL="" LEVEL="BINARY" EVENT="1" ORDER="" FORMAT="BEST12.0"
 TYPE="N" COST="" USE=""/>
<OBS  _TYPE_="DATAPRIOR" VARIABLE="DATAPRIOR" LABEL="Data Prior" LEVEL="" EVENT="" ORDER=""
 FORMAT="" TYPE="N" COST="" USE="Y"/>
<OBS  _TYPE_="TRAINPRIOR" VARIABLE="TRAINPRIOR" LABEL="Training Prior" LEVEL="" EVENT=""
 ORDER="" FORMAT="" TYPE="N" COST="" USE="N"/>
<OBS  _TYPE_="DECPRIOR" VARIABLE="DECPRIOR" LABEL="Decision Prior" LEVEL="" EVENT="" ORDER=""
 FORMAT="" TYPE="N" COST="" USE="N"/>
<OBS  _TYPE_="PREDICTED" VARIABLE="P_class1" LABEL="Predicted: class=1" LEVEL="1" EVENT=""
 ORDER="" FORMAT="" TYPE="N" COST="" USE=""/>
<OBS  _TYPE_="RESIDUAL" VARIABLE="R_class1" LABEL="Residual: class=1" LEVEL="1" EVENT=""
 ORDER="" FORMAT="" TYPE="N" COST="" USE=""/>
<OBS  _TYPE_="PREDICTED" VARIABLE="P_class0" LABEL="Predicted: class=0" LEVEL="0" EVENT=""
 ORDER="" FORMAT="" TYPE="N" COST="" USE=""/>
<OBS  _TYPE_="RESIDUAL" VARIABLE="R_class0" LABEL="Residual: class=0" LEVEL="0" EVENT=""
 ORDER="" FORMAT="" TYPE="N" COST="" USE=""/>
<OBS  _TYPE_="FROM" VARIABLE="F_class" LABEL="From: class" LEVEL="" EVENT="" ORDER="" FORMAT=""
 TYPE="C" COST="" USE=""/>
<OBS  _TYPE_="INTO" VARIABLE="I_class" LABEL="Into: class" LEVEL="" EVENT="" ORDER="" FORMAT=""
 TYPE="C" COST="" USE=""/>
<OBS  _TYPE_="DECISION" VARIABLE="DECISION1" LABEL="1" LEVEL="" EVENT="" ORDER="" FORMAT=""
 TYPE="N" COST="" USE="Y"/>
<OBS  _TYPE_="DECISION" VARIABLE="DECISION2" LABEL="0" LEVEL="" EVENT="" ORDER="" FORMAT=""
 TYPE="N" COST="" USE="Y"/>
<OBS  _TYPE_="MODELDECISION" VARIABLE="D_class" LABEL="Decision: class" LEVEL="" EVENT=""
 ORDER="" FORMAT="" TYPE="N" COST="" USE="Y"/>
<OBS  _TYPE_="EXPECTEDPROFIT" VARIABLE="EP_CLASS" LABEL="Expected Profit: class" LEVEL=""
 EVENT="" ORDER="" FORMAT="" TYPE="N" COST="" USE="Y"/>
<OBS  _TYPE_="COMPUTEDPROFIT" VARIABLE="CP_CLASS" LABEL="Computed Profit: class" LEVEL=""
 EVENT="" ORDER="" FORMAT="" TYPE="N" COST="" USE="Y"/>
<OBS  _TYPE_="BESTPROFIT" VARIABLE="BP_CLASS" LABEL="Best Profit: class" LEVEL="" EVENT=""
 ORDER="" FORMAT="" TYPE="N" COST="" USE="Y"/>
</DATA>
<METADATA >
<VARIABLE  NAME="_TYPE_" LABEL="Type" LENGTH="32" FORMAT="" TYPE="C"/>
<VARIABLE  NAME="VARIABLE" LABEL="Variable" LENGTH="32" FORMAT="" TYPE="C"/>
<VARIABLE  NAME="LABEL" LABEL="Label" LENGTH="256" FORMAT="" TYPE="C"/>
<VARIABLE  NAME="LEVEL" LABEL="Measurement Level" LENGTH="32" FORMAT="" TYPE="C"/>
<VARIABLE  NAME="EVENT" LABEL="Target Event" LENGTH="32" FORMAT="" TYPE="C"/>
<VARIABLE  NAME="ORDER" LABEL="Order" LENGTH="10" FORMAT="" TYPE="C"/>
<VARIABLE  NAME="FORMAT" LABEL="Format" LENGTH="32" FORMAT="" TYPE="C"/>
<VARIABLE  NAME="TYPE" LABEL="Type" LENGTH="1" FORMAT="" TYPE="C"/>
<VARIABLE  NAME="COST" LABEL="Cost" LENGTH="32" FORMAT="" TYPE="C"/>
<VARIABLE  NAME="USE" LABEL="Use" LENGTH="1" FORMAT="" TYPE="C"/>
</METADATA>
</DECMETA>
</CLASS>
</EMTARGETATTRIBUTES>
</_ROOT_>
